{
	"groups": [
		{
			"keys": "checkbox_select_disabled_png,checkbox_select_down_png,checkbox_select_up_png,checkbox_unselect_png,selected_png,border_png,header_png,radiobutton_select_disabled_png,radiobutton_select_down_png,radiobutton_select_up_png,radiobutton_unselect_png,roundthumb_png,thumb_png,track_png,tracklight_png,handle_png,off_png,on_png,button_down_png,button_up_png,thumb_pb_png,track_pb_png,track_sb_png,bg_jpg,egret_icon_png,description_json,back_btn_png,block1_png,block2_png,block3_png,finger_png,jump_mp3,piece_png,push_mp3,relive_png,restart_btn_png,setting_bg_jpg,setting_btn_png,setting_off_png,setting_on_png,start_btn_png,streak_png,button_down2_png,button_up2_png,checkbox_select_disabled2_png,checkbox_select_down2_png,checkbox_select_up2_png,checkbox_unselect2_png,selected2_png,border2_png,header2_png,thumb_pb2_png,track_pb2_png,radiobutton_select_disabled2_png,radiobutton_select_down2_png,radiobutton_select_up2_png,radiobutton_unselect2_png,roundthumb2_png,track_sb2_png,thumb2_png,track2_png,tracklight2_png,handle2_png,off2_png,on2_png,button_down3_png,button_up3_png,checkbox_select_disabled3_png,checkbox_select_down3_png,checkbox_unselect3_png,checkbox_select_up3_png,selected3_png,border3_png,header3_png,thumb_pb3_png,track_pb3_png,radiobutton_select_disabled3_png,radiobutton_select_down3_png,radiobutton_select_up3_png,radiobutton_unselect3_png,roundthumb3_png,track_sb3_png,thumb3_png,track3_png,tracklight3_png,handle3_png,off3_png,on3_png",
			"name": "preload"
		}
	],
	"resources": [
		{
			"url": "assets/CheckBox/checkbox_select_disabled.png",
			"type": "image",
			"name": "checkbox_select_disabled_png"
		},
		{
			"url": "assets/CheckBox/checkbox_select_down.png",
			"type": "image",
			"name": "checkbox_select_down_png"
		},
		{
			"url": "assets/CheckBox/checkbox_select_up.png",
			"type": "image",
			"name": "checkbox_select_up_png"
		},
		{
			"url": "assets/CheckBox/checkbox_unselect.png",
			"type": "image",
			"name": "checkbox_unselect_png"
		},
		{
			"url": "assets/ItemRenderer/selected.png",
			"type": "image",
			"name": "selected_png"
		},
		{
			"url": "assets/Panel/border.png",
			"type": "image",
			"name": "border_png"
		},
		{
			"url": "assets/Panel/header.png",
			"type": "image",
			"name": "header_png"
		},
		{
			"url": "assets/RadioButton/radiobutton_select_disabled.png",
			"type": "image",
			"name": "radiobutton_select_disabled_png"
		},
		{
			"url": "assets/RadioButton/radiobutton_select_down.png",
			"type": "image",
			"name": "radiobutton_select_down_png"
		},
		{
			"url": "assets/RadioButton/radiobutton_select_up.png",
			"type": "image",
			"name": "radiobutton_select_up_png"
		},
		{
			"url": "assets/RadioButton/radiobutton_unselect.png",
			"type": "image",
			"name": "radiobutton_unselect_png"
		},
		{
			"url": "assets/ScrollBar/roundthumb.png",
			"type": "image",
			"name": "roundthumb_png"
		},
		{
			"url": "assets/Slider/thumb.png",
			"type": "image",
			"name": "thumb_png"
		},
		{
			"url": "assets/Slider/track.png",
			"type": "image",
			"name": "track_png"
		},
		{
			"url": "assets/Slider/tracklight.png",
			"type": "image",
			"name": "tracklight_png"
		},
		{
			"url": "assets/ToggleSwitch/handle.png",
			"type": "image",
			"name": "handle_png"
		},
		{
			"url": "assets/ToggleSwitch/off.png",
			"type": "image",
			"name": "off_png"
		},
		{
			"url": "assets/ToggleSwitch/on.png",
			"type": "image",
			"name": "on_png"
		},
		{
			"url": "assets/Button/button_down.png",
			"type": "image",
			"name": "button_down_png"
		},
		{
			"url": "assets/Button/button_up.png",
			"type": "image",
			"name": "button_up_png"
		},
		{
			"url": "assets/ProgressBar/thumb_pb.png",
			"type": "image",
			"name": "thumb_pb_png"
		},
		{
			"url": "assets/ProgressBar/track_pb.png",
			"type": "image",
			"name": "track_pb_png"
		},
		{
			"url": "assets/ScrollBar/track_sb.png",
			"type": "image",
			"name": "track_sb_png"
		},
		{
			"url": "assets/bg.jpg",
			"type": "image",
			"name": "bg_jpg"
		},
		{
			"url": "assets/egret_icon.png",
			"type": "image",
			"name": "egret_icon_png"
		},
		{
			"name": "description_json",
			"type": "json",
			"url": "config/description.json"
		},
		{
			"name": "back_btn_png",
			"type": "image",
			"url": "assets/back_btn.png"
		},
		{
			"name": "block1_png",
			"type": "image",
			"url": "assets/block1.png"
		},
		{
			"name": "block2_png",
			"type": "image",
			"url": "assets/block2.png"
		},
		{
			"name": "block3_png",
			"type": "image",
			"url": "assets/block3.png"
		},
		{
			"name": "finger_png",
			"type": "image",
			"url": "assets/finger.png"
		},
		{
			"name": "jump_mp3",
			"type": "sound",
			"url": "assets/jump.mp3"
		},
		{
			"name": "piece_png",
			"type": "image",
			"url": "assets/piece.png"
		},
		{
			"name": "push_mp3",
			"type": "sound",
			"url": "assets/push.mp3"
		},
		{
			"name": "relive_png",
			"type": "image",
			"url": "assets/relive.png"
		},
		{
			"name": "restart_btn_png",
			"type": "image",
			"url": "assets/restart_btn.png"
		},
		{
			"name": "setting_bg_jpg",
			"type": "image",
			"url": "assets/setting_bg.jpg"
		},
		{
			"name": "setting_btn_png",
			"type": "image",
			"url": "assets/setting_btn.png"
		},
		{
			"name": "setting_off_png",
			"type": "image",
			"url": "assets/setting_off.png"
		},
		{
			"name": "setting_on_png",
			"type": "image",
			"url": "assets/setting_on.png"
		},
		{
			"name": "start_btn_png",
			"type": "image",
			"url": "assets/start_btn.png"
		},
		{
			"name": "streak_png",
			"type": "image",
			"url": "assets/streak.png"
		},
		{
			"name": "button_down2_png",
			"type": "image",
			"url": "assets/Button/button_down.png"
		},
		{
			"name": "button_up2_png",
			"type": "image",
			"url": "assets/Button/button_up.png"
		},
		{
			"name": "checkbox_select_disabled2_png",
			"type": "image",
			"url": "assets/CheckBox/checkbox_select_disabled.png"
		},
		{
			"name": "checkbox_select_down2_png",
			"type": "image",
			"url": "assets/CheckBox/checkbox_select_down.png"
		},
		{
			"name": "checkbox_select_up2_png",
			"type": "image",
			"url": "assets/CheckBox/checkbox_select_up.png"
		},
		{
			"name": "checkbox_unselect2_png",
			"type": "image",
			"url": "assets/CheckBox/checkbox_unselect.png"
		},
		{
			"name": "selected2_png",
			"type": "image",
			"url": "assets/ItemRenderer/selected.png"
		},
		{
			"name": "border2_png",
			"type": "image",
			"url": "assets/Panel/border.png"
		},
		{
			"name": "header2_png",
			"type": "image",
			"url": "assets/Panel/header.png"
		},
		{
			"name": "thumb_pb2_png",
			"type": "image",
			"url": "assets/ProgressBar/thumb_pb.png"
		},
		{
			"name": "track_pb2_png",
			"type": "image",
			"url": "assets/ProgressBar/track_pb.png"
		},
		{
			"name": "radiobutton_select_disabled2_png",
			"type": "image",
			"url": "assets/RadioButton/radiobutton_select_disabled.png"
		},
		{
			"name": "radiobutton_select_down2_png",
			"type": "image",
			"url": "assets/RadioButton/radiobutton_select_down.png"
		},
		{
			"name": "radiobutton_select_up2_png",
			"type": "image",
			"url": "assets/RadioButton/radiobutton_select_up.png"
		},
		{
			"name": "radiobutton_unselect2_png",
			"type": "image",
			"url": "assets/RadioButton/radiobutton_unselect.png"
		},
		{
			"name": "roundthumb2_png",
			"type": "image",
			"url": "assets/ScrollBar/roundthumb.png"
		},
		{
			"name": "track_sb2_png",
			"type": "image",
			"url": "assets/ScrollBar/track_sb.png"
		},
		{
			"name": "thumb2_png",
			"type": "image",
			"url": "assets/Slider/thumb.png"
		},
		{
			"name": "track2_png",
			"type": "image",
			"url": "assets/Slider/track.png"
		},
		{
			"name": "tracklight2_png",
			"type": "image",
			"url": "assets/Slider/tracklight.png"
		},
		{
			"name": "handle2_png",
			"type": "image",
			"url": "assets/ToggleSwitch/handle.png"
		},
		{
			"name": "off2_png",
			"type": "image",
			"url": "assets/ToggleSwitch/off.png"
		},
		{
			"name": "on2_png",
			"type": "image",
			"url": "assets/ToggleSwitch/on.png"
		},
		{
			"name": "button_down3_png",
			"type": "image",
			"url": "assets/Button/button_down.png"
		},
		{
			"name": "button_up3_png",
			"type": "image",
			"url": "assets/Button/button_up.png"
		},
		{
			"name": "checkbox_select_disabled3_png",
			"type": "image",
			"url": "assets/CheckBox/checkbox_select_disabled.png"
		},
		{
			"name": "checkbox_select_down3_png",
			"type": "image",
			"url": "assets/CheckBox/checkbox_select_down.png"
		},
		{
			"name": "checkbox_unselect3_png",
			"type": "image",
			"url": "assets/CheckBox/checkbox_unselect.png"
		},
		{
			"name": "checkbox_select_up3_png",
			"type": "image",
			"url": "assets/CheckBox/checkbox_select_up.png"
		},
		{
			"name": "selected3_png",
			"type": "image",
			"url": "assets/ItemRenderer/selected.png"
		},
		{
			"name": "border3_png",
			"type": "image",
			"url": "assets/Panel/border.png"
		},
		{
			"name": "header3_png",
			"type": "image",
			"url": "assets/Panel/header.png"
		},
		{
			"name": "thumb_pb3_png",
			"type": "image",
			"url": "assets/ProgressBar/thumb_pb.png"
		},
		{
			"name": "track_pb3_png",
			"type": "image",
			"url": "assets/ProgressBar/track_pb.png"
		},
		{
			"name": "radiobutton_select_disabled3_png",
			"type": "image",
			"url": "assets/RadioButton/radiobutton_select_disabled.png"
		},
		{
			"name": "radiobutton_select_down3_png",
			"type": "image",
			"url": "assets/RadioButton/radiobutton_select_down.png"
		},
		{
			"name": "radiobutton_select_up3_png",
			"type": "image",
			"url": "assets/RadioButton/radiobutton_select_up.png"
		},
		{
			"name": "radiobutton_unselect3_png",
			"type": "image",
			"url": "assets/RadioButton/radiobutton_unselect.png"
		},
		{
			"name": "roundthumb3_png",
			"type": "image",
			"url": "assets/ScrollBar/roundthumb.png"
		},
		{
			"name": "track_sb3_png",
			"type": "image",
			"url": "assets/ScrollBar/track_sb.png"
		},
		{
			"name": "thumb3_png",
			"type": "image",
			"url": "assets/Slider/thumb.png"
		},
		{
			"name": "track3_png",
			"type": "image",
			"url": "assets/Slider/track.png"
		},
		{
			"name": "tracklight3_png",
			"type": "image",
			"url": "assets/Slider/tracklight.png"
		},
		{
			"name": "handle3_png",
			"type": "image",
			"url": "assets/ToggleSwitch/handle.png"
		},
		{
			"name": "off3_png",
			"type": "image",
			"url": "assets/ToggleSwitch/off.png"
		},
		{
			"name": "on3_png",
			"type": "image",
			"url": "assets/ToggleSwitch/on.png"
		}
	]
}